examno,st.Name,Tamil,English,Maths,Physics,Chemis,Biology,Tot,Avg,Rank,Result
101,Ramya,185,158,199,152,196,158,1048,87.33333333,2,PASS
102,Hari,195,189,189,145,169,156,1043,86.91666667,3,PASS
103,Raju,187,169,178,169,158,158,1019,84.91666667,4,PASS
104,Kalai,198,185,169,189,147,196,1084,90.33333333,1,PASS
105,Latha,152,147,65,196,158,196,914,76.16666667,5,FAIL
